test_id,rating
1,9
2,9
3,9
4,6
5,7
6,7
7,10
8,7
9,9
10,7
11,8
12,3
13,5
14,7
15,8
16,7
17,8
18,7
19,7
20,9
21,7
22,9
23,3
24,9
25,8
26,9
27,7
28,6
29,5
30,6
31,6
32,7
33,6
34,9
35,7
36,8
37,6
38,8
39,9
40,7
41,8
42,5
43,8
44,7
45,8
46,10
47,7
48,10
49,7
50,7
51,9
52,6
53,10
54,8
55,9
56,7
57,7
58,7
59,7
60,7
61,9
62,9
63,7
64,9
65,7
66,8
67,7
68,9
69,9
70,8
71,8
72,8
73,8
74,6
75,6
76,8
77,10
78,7
79,7
80,10
81,9
82,6
83,6
84,9
85,2
86,7
87,8
88,8
89,7
90,10
91,10
92,10
93,9
94,8
95,10
96,6
97,7
98,8
99,6
100,6
101,8
102,8
103,8
104,6
105,9
106,9
107,10
108,6
109,8
110,10
111,9
112,8
113,9
114,9
115,7
116,9
117,10
118,9
119,9
120,8
121,8
122,7
123,6
124,9
125,3
126,9
127,6
128,8
129,8
130,8
131,8
132,6
133,6
134,7
135,5
136,7
137,5
138,7
139,1
140,8
141,10
142,6
143,9
144,7
145,10
146,8
147,8
148,4
149,5
150,6
151,9
152,7
153,6
154,6
155,6
156,8
157,6
158,8
159,8
160,7
161,7
162,6
163,7
164,9
165,9
166,9
167,9
168,10
169,7
170,7
171,8
172,9
173,10
174,8
175,6
176,10
177,9
178,5
179,7
180,9
181,9
182,8
183,6
184,9
185,9
186,7
187,9
188,5
189,10
190,8
191,8
192,6
193,8
194,7
195,8
196,9
197,9
198,4
199,7
200,8
201,10
202,7
203,5
204,10
205,6
206,8
207,9
208,6
209,9
210,9
211,8
212,9
213,7
214,5
215,7
216,5
217,8
218,8
219,6
220,9
221,7
222,8
223,5
224,9
225,7
226,4
227,7
228,9
229,6
230,8
231,8
232,9
233,7
234,7
235,6
236,9
237,8
238,8
239,8
240,7
241,9
242,1
243,9
244,9
245,6
246,8
247,9
248,8
249,7
250,8
251,7
252,8
253,4
254,8
255,2
256,10
257,7
258,4
259,9
260,10
261,8
262,8
263,7
264,7
265,7
266,9
267,9
268,9
269,7
270,8
271,8
272,8
273,7
274,7
275,7
276,5
277,7
278,8
279,5
280,9
281,7
282,8
283,6
284,4
285,9
286,6
287,8
288,6
289,8
290,9
291,8
292,9
293,9
294,6
295,6
296,7
297,9
298,7
299,8
300,9
301,10
302,10
303,10
304,9
305,5
306,10
307,10
308,7
309,6
310,6
311,6
312,4
313,9
314,7
315,9
316,8
317,5
318,8
319,7
320,5
321,10
322,8
323,7
324,7
325,7
326,9
327,10
328,10
329,10
330,9
331,9
332,10
333,7
334,7
335,9
336,10
337,6
338,6
339,5
340,8
341,8
342,6
343,7
344,9
345,3
346,5
347,7
348,9
349,8
350,9
351,7
352,7
353,1
354,8
355,7
356,7
357,7
358,6
359,9
360,4
361,7
362,9
363,10
364,9
365,6
366,9
367,9
368,6
369,6
370,7
371,2
372,9
373,7
374,9
375,7
376,3
377,8
378,7
379,6
380,7
381,10
382,7
383,7
384,3
385,1
386,8
387,9
388,6
389,10
390,7
391,7
392,6
393,9
394,10
395,8
396,7
397,3
398,9
399,7
400,8
401,5
402,8
403,8
404,9
405,6
406,9
407,6
408,9
409,6
410,8
411,9
412,9
413,8
414,9
415,5
416,9
417,7
418,6
419,8
420,8
421,6
422,8
423,7
424,7
425,6
426,5
427,9
428,6
429,3
430,8
431,9
432,7
433,8
434,8
435,6
436,8
437,5
438,10
439,9
440,8
441,8
442,5
443,7
444,9
445,10
446,8
447,9
448,10
449,7
450,7
451,5
452,9
453,7
454,7
455,8
456,9
457,6
458,6
459,9
460,10
461,9
462,10
463,5
464,8
465,8
466,8
467,4
468,10
469,7
470,8
471,9
472,6
473,7
474,9
475,9
476,7
477,10
478,8
479,9
480,7
481,9
482,9
483,7
484,7
485,9
486,9
487,9
488,6
489,7
490,7
491,9
492,9
493,8
494,7
495,8
496,9
497,8
498,7
499,9
500,7
501,9
502,5
503,4
504,9
505,6
506,7
507,6
508,6
509,9
510,10
511,8
512,8
513,6
514,7
515,4
516,10
517,8
518,7
519,7
520,6
521,9
522,7
523,8
524,7
525,10
526,2
527,7
528,10
529,7
530,8
531,6
532,8
533,9
534,8
535,7
536,7
537,9
538,6
539,10
540,6
541,5
542,7
543,7
544,7
545,5
546,6
547,7
548,6
549,7
550,2
551,10
552,6
553,9
554,5
555,10
556,8
557,6
558,10
559,6
560,10
561,10
562,8
563,7
564,8
565,8
566,5
567,8
568,10
569,6
570,8
571,8
572,9
573,5
574,7
575,7
576,7
577,10
578,10
579,5
580,7
581,8
582,6
583,8
584,6
585,8
586,10
587,8
588,9
589,8
590,9
591,8
592,6
593,8
594,10
595,6
596,5
597,7
598,6
599,7
600,8
601,8
602,7
603,9
604,8
605,6
606,10
607,7
608,8
609,6
610,9
611,9
612,9
613,6
614,7
615,9
616,1
617,7
618,7
619,7
620,10
621,8
622,7
623,8
624,6
625,10
626,7
627,8
628,6
629,7
630,10
631,8
632,9
633,8
634,8
635,9
636,6
637,7
638,10
639,9
640,9
641,2
642,6
643,6
644,7
645,8
646,7
647,9
648,7
649,9
650,9
651,8
652,8
653,9
654,6
655,9
656,6
657,6
658,10
659,10
660,1
661,9
662,9
663,10
664,7
665,8
666,8
667,8
668,8
669,9
670,7
671,10
672,9
673,5
674,9
675,8
676,9
677,7
678,8
679,5
680,8
681,8
682,8
683,8
684,5
685,8
686,2
687,8
688,9
689,7
690,7
691,10
692,10
693,7
694,6
695,8
696,6
697,10
698,8
699,8
700,9
701,7
702,9
703,10
704,9
705,10
706,7
707,8
708,5
709,9
710,10
711,7
712,8
713,3
714,6
715,8
716,9
717,6
718,9
719,8
720,7
721,6
722,9
723,6
724,8
725,10
726,9
727,9
728,8
729,7
730,8
731,9
732,8
733,10
734,8
735,10
736,8
737,7
738,8
739,8
740,6
741,8
742,9
743,9
744,8
745,6
746,6
747,10
748,9
749,9
750,7
751,5
752,4
753,5
754,9
755,10
756,9
757,8
758,10
759,8
760,7
761,9
762,8
763,10
764,7
765,7
766,9
767,6
768,7
769,9
770,6
771,6
772,8
773,9
774,6
775,8
776,8
777,10
778,6
779,8
780,8
781,6
782,8
783,3
784,8
785,7
786,8
787,9
788,4
789,5
790,7
791,8
792,9
793,4
794,6
795,7
796,9
797,6
798,9
799,4
800,5
801,5
802,7
803,9
804,9
805,10
806,10
807,5
808,8
809,8
810,6
811,8
812,7
813,9
814,9
815,7
816,9
817,8
818,9
819,8
820,10
821,6
822,8
823,9
824,8
825,7
826,8
827,7
828,6
829,8
830,5
831,8
832,4
833,2
834,9
835,10
836,8
837,7
838,8
839,7
840,5
841,8
842,8
843,10
844,7
845,8
846,8
847,6
848,8
849,9
850,6
851,6
852,6
853,5
854,7
855,9
856,8
857,7
858,8
859,10
860,5
861,8
862,9
863,8
864,7
865,6
866,8
867,8
868,7
869,8
870,9
871,8
872,9
873,8
874,10
875,8
876,5
877,7
878,8
879,8
880,8
881,6
882,7
883,8
884,8
885,2
886,8
887,9
888,9
889,7
890,9
891,6
892,9
893,9
894,8
895,8
896,5
897,9
898,8
899,8
900,9
901,9
902,7
903,10
904,7
905,3
906,8
907,6
908,6
909,9
910,8
911,10
912,7
913,8
914,5
915,9
916,9
917,6
918,8
919,9
920,10
921,9
922,9
923,10
924,10
925,8
926,7
927,9
928,8
929,7
930,7
931,8
932,6
933,8
934,7
935,7
936,7
937,8
938,8
939,6
940,8
941,6
942,4
943,9
944,8
945,10
946,9
947,8
948,9
949,10
950,7
951,7
952,8
953,6
954,8
955,8
956,8
957,7
958,7
959,9
960,8
961,9
962,9
963,9
964,8
965,8
966,9
967,9
968,7
969,8
970,7
971,6
972,7
973,9
974,8
975,7
976,8
977,6
978,6
979,6
980,7
981,7
982,4
983,8
984,7
985,4
986,6
987,5
988,8
989,10
990,9
991,9
992,10
993,10
994,8
995,8
996,7
997,8
998,6
999,8
1000,6
1001,8
1002,8
1003,9
1004,7
1005,7
1006,7
1007,8
1008,3
1009,9
1010,6
1011,9
1012,8
1013,9
1014,8
1015,6
1016,8
1017,10
1018,9
1019,8
1020,7
1021,7
1022,7
1023,2
1024,8
1025,8
1026,8
1027,7
1028,8
1029,9
1030,7
1031,8
1032,8
1033,10
1034,6
1035,8
1036,6
1037,9
1038,9
1039,8
1040,6
1041,7
1042,2
1043,7
1044,7
1045,9
1046,7
1047,9
1048,9
1049,8
1050,9
1051,8
1052,7
1053,8
1054,8
1055,6
1056,7
1057,4
1058,5
1059,10
1060,3
1061,8
1062,7
1063,9
1064,9
1065,8
1066,6
1067,6
1068,6
1069,9
1070,9
1071,7
1072,7
1073,7
1074,6
1075,5
1076,8
1077,9
1078,8
1079,10
1080,10
1081,8
1082,8
1083,7
1084,6
1085,10
1086,7
1087,7
1088,9
1089,6
1090,9
1091,7
1092,7
1093,7
1094,10
1095,10
1096,9
1097,9
1098,8
1099,8
1100,7
1101,9
1102,7
1103,8
1104,8
1105,7
1106,7
1107,7
1108,1
1109,7
1110,6
1111,7
1112,7
1113,9
1114,9
1115,6
1116,8
1117,7
1118,6
1119,10
1120,10
1121,6
1122,7
1123,1
1124,10
1125,8
1126,9
1127,1
1128,8
1129,8
1130,8
1131,7
1132,10
1133,9
1134,6
1135,6
1136,8
1137,7
1138,10
1139,9
1140,10
1141,10
1142,8
1143,8
1144,8
1145,8
1146,10
1147,8
1148,8
1149,9
1150,10
1151,9
1152,8
1153,5
1154,9
1155,9
1156,9
1157,8
1158,8
1159,8
1160,6
1161,7
1162,8
1163,7
1164,7
1165,9
1166,10
1167,6
1168,10
1169,8
1170,5
1171,9
1172,7
1173,9
1174,9
1175,9
1176,7
1177,5
1178,8
1179,8
1180,10
1181,8
1182,8
1183,8
1184,8
1185,6
1186,7
1187,7
1188,7
1189,7
1190,9
1191,7
1192,7
1193,8
1194,9
1195,7
1196,7
1197,9
1198,8
1199,8
1200,8
1201,8
1202,4
1203,10
1204,10
1205,8
1206,7
1207,5
1208,10
1209,9
1210,7
1211,6
1212,8
1213,6
1214,9
1215,9
1216,7
1217,9
1218,6
1219,9
1220,6
1221,8
1222,7
1223,6
1224,10
1225,10
1226,10
1227,8
1228,10
1229,8
1230,1
1231,8
1232,10
1233,7
1234,8
1235,8
1236,9
1237,10
1238,10
1239,8
1240,9
1241,7
1242,7
1243,10
1244,8
1245,10
1246,5
1247,7
1248,5
1249,7
1250,6
1251,8
1252,7
1253,1
1254,10
1255,7
1256,8
1257,10
1258,9
1259,7
1260,7
1261,10
1262,10
1263,9
1264,8
1265,8
1266,8
1267,6
1268,9
1269,6
1270,9
1271,6
1272,8
1273,9
1274,7
1275,9
1276,7
1277,9
1278,8
1279,9
1280,7
1281,10
1282,7
1283,7
1284,10
1285,7
1286,10
1287,6
1288,6
1289,7
1290,7
1291,8
1292,9
1293,8
1294,10
1295,7
1296,9
1297,6
1298,5
1299,9
1300,4
1301,9
1302,10
1303,6
1304,3
1305,8
1306,8
1307,8
1308,8
1309,8
1310,7
1311,9
1312,5
1313,10
1314,10
1315,6
1316,7
1317,7
1318,8
1319,9
1320,8
1321,10
1322,6
1323,6
1324,9
1325,8
1326,1
1327,9
1328,8
1329,7
1330,7
1331,10
1332,5
1333,8
1334,8
1335,8
1336,10
1337,8
1338,6
1339,8
1340,5
1341,5
1342,6
1343,7
1344,10
1345,7
1346,4
1347,6
1348,9
1349,5
1350,7
1351,7
1352,10
1353,6
1354,7
1355,9
1356,6
1357,6
1358,7
1359,8
1360,7
1361,8
1362,9
1363,6
1364,8
1365,6
1366,7
1367,8
1368,8
1369,6
1370,8
1371,9
1372,9
1373,8
1374,7
1375,7
1376,6
1377,9
1378,7
1379,7
1380,5
1381,6
1382,10
1383,10
1384,10
1385,9
1386,4
1387,8
1388,8
1389,9
1390,8
1391,8
1392,9
1393,7
1394,6
1395,7
1396,4
1397,3
1398,6
1399,9
1400,6
1401,6
1402,8
1403,6
1404,7
1405,9
1406,10
1407,6
1408,7
1409,5
1410,8
1411,6
1412,6
1413,7
1414,10
1415,7
1416,9
1417,8
1418,10
1419,6
1420,9
1421,10
1422,7
1423,7
1424,9
1425,8
1426,9
1427,8
1428,10
1429,7
1430,9
1431,8
1432,8
1433,7
1434,5
1435,7
1436,9
1437,7
1438,6
1439,10
1440,8
1441,9
1442,6
1443,6
1444,10
1445,8
1446,7
1447,8
1448,8
1449,7
1450,6
1451,9
1452,8
1453,9
1454,8
1455,6
1456,8
1457,8
1458,9
1459,10
1460,8
1461,7
1462,9
1463,7
1464,6
1465,8
1466,9
1467,8
1468,6
1469,10
1470,5
1471,9
1472,8
1473,7
1474,8
1475,9
1476,8
1477,7
1478,1
1479,8
1480,9
1481,4
1482,6
1483,9
1484,6
1485,7
1486,1
1487,8
1488,9
1489,6
1490,9
1491,6
1492,9
1493,7
1494,9
1495,9
1496,7
1497,8
1498,9
1499,7
1500,7
1501,7
1502,8
1503,6
1504,8
1505,9
1506,7
1507,6
1508,6
1509,7
1510,10
1511,9
1512,9
1513,7
1514,10
1515,9
1516,8
1517,7
1518,10
1519,8
1520,8
1521,8
1522,8
1523,9
1524,8
1525,9
1526,7
1527,9
1528,7
1529,8
1530,9
1531,9
1532,6
1533,9
1534,9
1535,9
1536,7
1537,8
1538,7
1539,8
1540,8
1541,8
1542,9
1543,7
1544,8
1545,8
1546,8
1547,7
1548,8
1549,7
1550,7
1551,6
1552,9
1553,7
1554,7
1555,8
1556,6
1557,8
1558,9
1559,6
1560,6
1561,8
1562,1
1563,10
1564,7
1565,7
1566,6
1567,10
1568,7
1569,9
1570,3
1571,8
1572,7
1573,10
1574,9
1575,8
1576,8
1577,10
1578,9
1579,6
1580,7
1581,9
1582,6
1583,10
1584,9
1585,10
1586,7
1587,8
1588,8
1589,9
1590,9
1591,4
1592,9
1593,9
1594,8
1595,10
1596,9
1597,6
1598,9
1599,7
1600,8
1601,8
1602,7
1603,9
1604,6
1605,10
1606,9
1607,8
1608,9
1609,9
1610,10
1611,8
1612,8
1613,10
1614,7
1615,8
1616,9
1617,8
1618,9
1619,7
1620,8
1621,7
1622,8
1623,8
1624,6
1625,9
1626,9
1627,7
1628,1
1629,9
1630,9
1631,8
1632,9
1633,10
1634,7
1635,6
1636,8
1637,9
1638,8
1639,6
1640,7
1641,7
1642,9
1643,6
1644,8
1645,7
1646,7
1647,7
1648,9
1649,7
1650,8
1651,9
1652,9
1653,9
1654,7
1655,4
1656,8
1657,7
1658,5
1659,7
1660,9
1661,7
1662,5
1663,9
1664,7
1665,9
1666,8
1667,6
1668,7
1669,10
1670,8
1671,8
1672,9
1673,5
1674,8
1675,10
1676,6
1677,7
1678,5
1679,6
1680,9
1681,9
1682,7
1683,10
1684,8
1685,7
1686,8
1687,7
1688,9
1689,5
1690,7
1691,9
1692,7
1693,9
1694,4
1695,9
1696,7
1697,8
1698,8
1699,9
1700,6
1701,7
1702,7
1703,6
1704,7
1705,6
1706,8
1707,7
1708,8
1709,10
1710,8
1711,9
1712,7
1713,7
1714,7
1715,8
1716,8
1717,9
1718,8
1719,8
1720,7
1721,5
1722,8
1723,8
1724,7
1725,8
1726,5
1727,9
1728,8
1729,8
1730,7
1731,8
1732,7
1733,7
1734,5
1735,9
1736,7
1737,8
1738,3
1739,7
1740,7
1741,9
1742,10
1743,8
1744,8
1745,6
1746,7
1747,9
1748,5
1749,9
1750,9
1751,10
1752,8
1753,6
1754,9
1755,7
1756,8
1757,9
1758,8
1759,4
1760,10
1761,7
1762,8
1763,1
1764,9
1765,9
1766,8
1767,8
1768,5
1769,8
1770,5
1771,6
1772,8
1773,9
1774,9
1775,10
1776,6
1777,10
1778,8
1779,10
1780,7
1781,10
1782,8
1783,10
1784,9
1785,7
1786,9
1787,10
1788,10
1789,8
1790,5
1791,9
1792,8
1793,4
1794,1
1795,10
1796,7
1797,7
1798,8
1799,10
1800,7
1801,8
1802,9
1803,8
1804,9
1805,7
1806,7
1807,6
1808,6
1809,8
1810,7
1811,7
1812,8
1813,8
1814,8
1815,6
1816,9
1817,8
1818,4
1819,10
1820,7
1821,8
1822,8
1823,8
1824,10
1825,8
1826,9
1827,9
1828,9
1829,10
1830,8
1831,8
1832,8
1833,9
1834,6
1835,10
1836,6
1837,3
1838,8
1839,6
1840,8
1841,4
1842,7
1843,7
1844,7
1845,7
1846,8
1847,10
1848,10
1849,8
1850,10
1851,7
1852,8
1853,2
1854,8
1855,9
1856,8
1857,8
1858,7
1859,8
1860,6
1861,10
1862,9
1863,6
1864,5
1865,7
1866,9
1867,10
1868,9
1869,10
1870,8
1871,7
1872,9
1873,7
1874,9
1875,9
1876,10
1877,9
1878,6
1879,6
1880,4
1881,10
1882,9
1883,10
1884,9
1885,9
1886,10
1887,8
1888,8
1889,6
1890,4
1891,9
1892,4
1893,9
1894,10
1895,8
1896,8
1897,9
1898,7
1899,9
1900,1
1901,10
1902,8
1903,7
1904,7
1905,10
1906,9
1907,8
1908,7
1909,9
1910,8
1911,10
1912,9
1913,8
1914,7
1915,8
1916,7
1917,8
1918,9
1919,9
1920,10
1921,10
1922,6
1923,9
1924,8
1925,5
1926,8
1927,8
1928,9
1929,7
1930,7
1931,7
1932,7
1933,10
1934,10
1935,9
1936,8
1937,4
1938,8
1939,9
1940,7
1941,9
1942,6
1943,8
1944,9
1945,6
1946,6
1947,8
1948,8
1949,6
1950,2
1951,9
1952,6
1953,2
1954,7
1955,6
1956,6
1957,9
1958,9
1959,9
1960,10
1961,8
1962,6
1963,5
1964,8
1965,10
1966,9
1967,7
1968,9
1969,8
1970,6
1971,6
1972,9
1973,8
1974,10
1975,8
1976,10
1977,8
1978,6
1979,8
1980,10
1981,6
1982,8
1983,9
1984,6
1985,7
1986,9
1987,9
1988,9
1989,2
1990,6
1991,9
1992,9
1993,2
1994,8
1995,7
1996,8
1997,7
1998,9
1999,7
2000,10
2001,8
2002,10
2003,8
2004,8
2005,5
2006,8
2007,7
2008,8
2009,5
2010,8
2011,6
2012,7
2013,6
2014,8
2015,6
2016,8
2017,6
2018,7
2019,9
2020,5
2021,3
2022,7
2023,6
2024,5
2025,8
2026,8
2027,9
2028,7
2029,10
2030,7
2031,10
2032,9
2033,10
2034,5
2035,7
2036,8
2037,8
2038,9
2039,9
2040,6
2041,3
2042,3
2043,8
2044,9
2045,9
2046,9
2047,10
2048,9
2049,9
2050,6
2051,9
2052,8
2053,10
2054,1
2055,8
2056,8
2057,7
2058,9
2059,2
2060,6
2061,7
2062,6
2063,7
2064,8
2065,7
2066,1
2067,8
2068,7
2069,9
2070,8
2071,9
2072,7
2073,9
2074,10
2075,8
2076,3
2077,8
2078,8
2079,7
2080,7
2081,10
2082,6
2083,8
2084,9
2085,8
2086,10
2087,5
2088,9
2089,8
2090,6
2091,8
2092,7
2093,7
2094,9
2095,9
2096,9
2097,9
2098,8
2099,6
2100,8
2101,7
2102,8
2103,7
2104,8
2105,7
2106,8
2107,6
2108,9
2109,6
2110,7
2111,6
2112,8
2113,7
2114,8
2115,9
2116,1
2117,7
2118,10
2119,7
2120,7
2121,10
2122,8
2123,8
2124,7
2125,8
2126,8
2127,5
2128,9
2129,4
2130,6
2131,7
2132,7
2133,6
2134,6
2135,8
2136,10
2137,9
2138,6
2139,7
2140,8
2141,8
2142,10
2143,10
2144,6
2145,8
2146,8
2147,9
2148,10
2149,5
2150,8
2151,6
2152,8
2153,8
2154,8
2155,6
2156,9
2157,3
2158,6
2159,9
2160,5
2161,7
2162,7
2163,9
2164,7
2165,9
2166,8
2167,7
2168,7
2169,8
2170,10
2171,8
2172,8
2173,5
2174,6
2175,8
2176,8
2177,6
2178,9
2179,7
2180,6
2181,8
2182,1
2183,7
2184,7
2185,7
2186,7
2187,8
2188,10
2189,7
2190,9
2191,10
2192,7
2193,9
2194,7
2195,9
2196,7
2197,6
2198,7
2199,7
2200,5
2201,6
2202,8
2203,7
2204,7
2205,3
2206,9
2207,10
2208,8
2209,9
2210,9
2211,7
2212,10
2213,10
2214,8
2215,7
2216,7
2217,5
2218,7
2219,8
2220,7
2221,7
2222,9
2223,9
2224,6
2225,6
2226,10
2227,8
2228,7
2229,8
2230,7
2231,6
2232,9
2233,10
2234,8
2235,9
2236,7
2237,7
2238,9
2239,7
2240,8
2241,10
2242,8
2243,7
2244,3
2245,6
2246,2
2247,9
2248,8
2249,7
2250,5
2251,9
2252,6
2253,6
2254,9
2255,7
2256,8
2257,9
2258,7
2259,5
2260,8
2261,10
2262,7
2263,6
2264,7
2265,7
2266,8
2267,9
2268,6
2269,7
2270,8
2271,8
2272,6
2273,8
2274,7
2275,9
2276,8
2277,7
2278,9
2279,9
2280,8
2281,6
2282,7
2283,8
2284,7
2285,8
2286,7
2287,9
2288,8
2289,8
2290,7
2291,5
2292,4
2293,9
2294,6
2295,8
2296,10
2297,6
2298,8
2299,8
2300,6
2301,8
2302,8
2303,7
2304,6
2305,7
2306,7
2307,8
2308,5
2309,5
2310,8
2311,6
2312,7
2313,6
2314,7
2315,8
2316,5
2317,7
2318,7
2319,9
2320,6
2321,6
2322,9
2323,6
2324,7
2325,7
2326,8
2327,5
2328,9
2329,8
2330,8
2331,8
2332,6
2333,6
2334,8
2335,6
2336,6
2337,7
2338,8
2339,8
2340,10
2341,8
2342,10
2343,9
2344,10
2345,9
2346,9
2347,9
2348,9
2349,4
2350,7
2351,9
2352,9
2353,8
2354,9
2355,8
2356,9
2357,9
2358,10
2359,8
2360,7
2361,9
2362,6
2363,10
2364,2
2365,8
2366,6
2367,8
2368,10
2369,5
2370,5
2371,9
2372,6
2373,9
2374,8
2375,9
2376,9
2377,8
2378,7
2379,10
2380,8
2381,10
2382,7
2383,7
2384,8
2385,6
2386,7
2387,8
2388,9
2389,8
2390,7
2391,10
2392,8
2393,6
2394,9
2395,6
2396,8
2397,8
2398,7
2399,8
2400,6
2401,9
2402,7
2403,7
2404,10
2405,8
2406,7
2407,6
2408,10
2409,9
2410,7
2411,7
2412,10
2413,8
2414,4
2415,6
2416,9
2417,7
2418,10
2419,7
2420,10
2421,9
2422,9
2423,9
2424,9
2425,5
2426,9
2427,4
2428,8
2429,7
2430,8
2431,6
2432,9
2433,9
2434,6
2435,5
2436,8
2437,9
2438,8
2439,3
2440,8
2441,6
2442,9
2443,9
2444,9
2445,5
2446,8
2447,7
2448,10
2449,6
2450,5
2451,5
2452,6
2453,5
2454,5
2455,7
2456,8
2457,1
2458,8
2459,9
2460,7
2461,8
2462,9
2463,9
2464,8
2465,10
2466,6
2467,10
2468,8
2469,6
2470,9
2471,9
2472,8
2473,5
2474,10
2475,9
2476,6
2477,7
2478,7
2479,10
2480,9
2481,7
2482,7
2483,8
2484,6
2485,7
2486,10
2487,7
2488,8
2489,10
2490,7
2491,7
2492,9
2493,9
2494,8
2495,7
2496,9
2497,9
2498,9
2499,6
2500,7
2501,8
2502,8
2503,9
2504,7
2505,6
2506,8
2507,10
2508,8
2509,8
2510,7
2511,8
2512,6
2513,7
2514,10
2515,6
2516,7
2517,7
2518,7
2519,10
2520,7
2521,1
2522,8
2523,8
2524,9
2525,6
2526,10
2527,7
2528,9
2529,8
2530,9
2531,9
2532,7
2533,9
2534,9
2535,6
2536,9
2537,6
2538,9
2539,6
2540,9
2541,7
2542,8
2543,5
2544,7
2545,5
2546,7
2547,10
2548,6
2549,9
2550,4
2551,8
2552,5
2553,7
2554,8
2555,8
2556,8
2557,7
2558,9
2559,7
2560,6
2561,7
2562,9
2563,6
2564,1
2565,8
2566,8
2567,8
2568,10
2569,6
2570,7
2571,10
2572,6
2573,8
2574,9
2575,9
2576,9
2577,8
2578,6
2579,6
2580,7
2581,8
2582,7
2583,5
2584,6
2585,7
2586,7
2587,7
2588,6
2589,7
2590,1
2591,8
2592,2
2593,8
2594,3
2595,8
2596,6
2597,8
2598,7
2599,8
2600,9
2601,8
2602,6
2603,1
2604,9
2605,7
2606,6
2607,9
2608,9
2609,6
2610,9
2611,9
2612,8
2613,6
2614,9
2615,2
2616,8
2617,7
2618,6
2619,8
2620,8
2621,8
2622,9
2623,9
2624,9
2625,8
2626,1
2627,7
2628,7
2629,7
2630,8
2631,7
2632,8
2633,8
2634,8
2635,7
2636,6
2637,10
2638,8
2639,7
2640,9
2641,7
2642,7
2643,7
2644,8
2645,10
2646,6
2647,10
2648,6
2649,8
2650,7
2651,9
2652,7
2653,6
2654,7
2655,8
2656,7
2657,9
2658,8
2659,7
2660,8
2661,8
2662,5
2663,7
2664,8
2665,7
2666,7
2667,7
2668,7
2669,8
2670,8
2671,9
2672,8
2673,4
2674,10
2675,7
2676,7
2677,7
2678,6
2679,8
2680,9
2681,7
2682,10
2683,10
2684,8
2685,8
2686,10
2687,5
2688,7
2689,5
2690,7
2691,9
2692,7
2693,6
2694,6
2695,8
2696,9
2697,8
2698,6
2699,7
2700,9
2701,10
2702,8
2703,7
2704,8
2705,8
2706,7
2707,9
2708,7
2709,6
2710,7
2711,9
2712,8
2713,8
2714,5
2715,8
2716,10
2717,8
2718,10
2719,7
2720,9
2721,6
2722,4
2723,8
2724,8
2725,7
2726,7
2727,4
2728,9
2729,10
2730,9
2731,5
2732,7
2733,1
2734,8
2735,8
2736,7
2737,7
2738,7
2739,7
2740,9
2741,9
2742,9
2743,7
2744,8
2745,8
2746,8
2747,10
2748,9
2749,9
2750,9
2751,8
2752,6
2753,7
2754,9
2755,8
2756,9
2757,10
2758,5
2759,8
2760,9
2761,6
2762,8
2763,9
2764,7
2765,10
2766,6
2767,10
2768,9
2769,5
2770,8
2771,8
2772,8
2773,8
2774,7
2775,8
2776,6
2777,6
2778,7
2779,8
2780,7
2781,8
2782,9
2783,8
2784,9
2785,8
2786,7
2787,8
2788,4
2789,9
2790,8
2791,8
2792,9
2793,9
2794,8
2795,9
2796,1
2797,7
2798,9
2799,10
2800,7
2801,9
2802,8
2803,8
2804,9
2805,3
2806,10
2807,9
2808,6
2809,8
2810,4
2811,7
2812,9
2813,10
2814,8
2815,8
2816,5
2817,10
2818,7
2819,9
2820,8
2821,8
2822,10
2823,1
2824,7
2825,6
2826,6
2827,9
2828,10
2829,8
2830,7
2831,6
2832,7
2833,8
2834,8
2835,8
2836,7
2837,8
2838,7
2839,9
2840,7
2841,7
2842,8
2843,8
2844,10
2845,8
2846,6
2847,10
2848,6
2849,8
2850,9
2851,8
2852,10
2853,8
2854,9
2855,5
2856,8
2857,7
2858,6
2859,8
2860,7
2861,7
2862,8
2863,8
2864,7
2865,8
2866,4
2867,9
2868,9
2869,9
2870,8
2871,8
2872,8
2873,7
2874,8
2875,10
2876,5
2877,8
2878,7
2879,6
2880,7
2881,8
2882,7
2883,10
2884,9
2885,10
2886,8
2887,8
2888,10
2889,7
2890,6
2891,8
2892,6
2893,8
2894,8
2895,9
2896,10
2897,3
2898,9
2899,7
2900,9
2901,9
2902,7
2903,8
2904,7
2905,9
2906,6
2907,9
2908,5
2909,5
2910,7
2911,10
2912,7
2913,10
2914,5
2915,9
2916,7
2917,7
2918,6
2919,4
2920,9
2921,5
2922,9
2923,10
2924,7
2925,9
2926,8
2927,9
2928,7
2929,10
2930,8
2931,7
2932,7
2933,8
2934,6
2935,8
2936,6
2937,7
2938,6
2939,8
2940,7
2941,9
2942,7
2943,9
2944,8
2945,7
2946,5
2947,8
2948,9
2949,7
2950,8
2951,3
2952,10
2953,7
2954,10
2955,9
2956,7
2957,5
2958,8
2959,7
2960,8
2961,9
2962,9
2963,6
2964,8
2965,8
2966,8
2967,7
2968,7
2969,8
2970,7
2971,7
2972,8
2973,7
2974,8
2975,10
2976,2
2977,6
2978,5
2979,8
2980,9
2981,8
2982,7
2983,7
2984,6
2985,9
2986,5
2987,10
2988,8
2989,10
2990,7
2991,10
2992,7
2993,9
2994,10
2995,9
2996,8
2997,7
2998,8
2999,10
3000,6
3001,10
3002,10
3003,7
3004,7
3005,6
3006,8
3007,1
3008,8
3009,7
3010,9
3011,10
3012,9
3013,10
3014,7
3015,4
3016,7
3017,8
3018,6
3019,9
3020,6
3021,9
3022,6
3023,8
3024,9
3025,7
3026,8
3027,8
3028,8
3029,9
3030,8
3031,7
3032,6
3033,8
3034,9
3035,7
3036,7
3037,8
3038,9
3039,9
3040,10
3041,9
3042,9
3043,8
3044,9
3045,5
3046,6
3047,9
3048,7
3049,8
3050,8
3051,8
3052,9
3053,6
3054,5
3055,7
3056,8
3057,7
3058,8
3059,7
3060,7
3061,9
3062,8
3063,8
3064,8
3065,8
3066,7
3067,10
3068,9
3069,8
3070,9
3071,7
3072,7
3073,8
3074,9
3075,6
3076,10
3077,8
3078,4
3079,8
3080,9
3081,10
3082,4
3083,10
3084,7
3085,8
3086,9
3087,9
3088,7
3089,8
3090,7
3091,7
3092,3
3093,6
3094,2
3095,7
3096,7
3097,10
3098,8
3099,9
3100,7
3101,8
3102,6
3103,7
3104,3
3105,8
3106,7
3107,9
3108,9
3109,3
3110,9
3111,7
3112,10
3113,8
3114,9
3115,9
3116,5
3117,8
3118,6
3119,6
3120,7
3121,8
3122,7
3123,7
3124,10
3125,8
3126,8
3127,5
3128,9
3129,9
3130,10
3131,8
3132,8
3133,8
3134,10
3135,6
3136,8
3137,7
3138,6
3139,4
3140,9
3141,9
3142,7
3143,8
3144,6
3145,9
3146,9
3147,6
3148,7
3149,5
3150,7
3151,8
3152,7
3153,9
3154,10
3155,9
3156,7
3157,8
3158,8
3159,6
3160,9
3161,8
3162,10
3163,7
3164,7
3165,6
3166,4
3167,6
3168,7
3169,5
3170,8
3171,10
3172,7
3173,6
3174,9
3175,7
3176,8
3177,10
3178,8
3179,4
3180,7
3181,7
3182,10
3183,8
3184,9
3185,7
3186,8
3187,8
3188,6
3189,7
3190,9
3191,5
3192,8
3193,9
3194,8
3195,8
3196,8
3197,8
3198,7
3199,8
3200,7
3201,5
3202,5
3203,8
3204,8
3205,10
3206,10
3207,8
3208,7
3209,10
3210,7
3211,8
3212,10
3213,5
3214,9
3215,7
3216,9
3217,10
3218,8
3219,7
3220,6
3221,7
3222,9
3223,7
3224,8
3225,6
3226,8
3227,8
3228,8
3229,5
3230,7
3231,9
3232,8
3233,9
3234,3
3235,6
3236,9
3237,5
3238,9
3239,9
3240,5
3241,7
3242,5
3243,7
3244,10
3245,10
3246,7
3247,10
3248,10
3249,6
3250,4
3251,5
3252,6
3253,9
3254,5
3255,6
3256,8
3257,7
3258,7
3259,7
3260,5
3261,8
3262,8
3263,7
3264,8
3265,7
3266,8
3267,10
3268,6
3269,6
3270,8
3271,8
3272,10
3273,8
3274,9
3275,10
3276,9
3277,9
3278,9
3279,7
3280,9
3281,5
3282,8
3283,8
3284,5
3285,8
3286,7
3287,10
3288,6
3289,8
3290,9
3291,7
3292,7
3293,9
3294,6
3295,10
3296,6
3297,7
3298,8
3299,6
3300,10
3301,9
3302,5
3303,6
3304,6
3305,6
3306,6
3307,7
3308,9
3309,10
3310,9
3311,8
3312,8
3313,8
3314,7
3315,9
3316,8
3317,5
3318,7
3319,9
3320,9
3321,6
3322,5
3323,8
3324,9
3325,9
3326,7
3327,8
3328,8
3329,6
3330,1
3331,9
3332,9
3333,6
3334,7
3335,6
3336,6
3337,8
3338,7
3339,8
3340,6
3341,7
3342,7
3343,7
3344,3
3345,9
3346,8
3347,8
3348,9
3349,8
3350,6
3351,9
3352,7
3353,7
3354,5
3355,7
3356,9
3357,7
3358,8
3359,8
3360,7
3361,7
3362,7
3363,7
3364,8
3365,9
3366,10
3367,8
3368,7
3369,8
3370,8
3371,9
3372,7
3373,7
3374,8
3375,7
3376,6
3377,7
3378,8
3379,5
3380,8
3381,8
3382,10
3383,7
3384,8
3385,6
3386,9
3387,8
3388,3
3389,9
3390,8
3391,6
3392,8
3393,6
3394,8
3395,9
3396,8
3397,6
3398,8
3399,8
3400,9
3401,9
3402,6
3403,9
3404,8
3405,8
3406,9
3407,8
3408,8
3409,6
3410,8
3411,8
3412,7
3413,7
3414,8
3415,8
3416,8
3417,4
3418,6
3419,8
3420,5
3421,9
3422,10
3423,8
3424,9
3425,9
3426,9
3427,4
3428,8
3429,9
3430,9
3431,10
3432,9
3433,9
3434,8
3435,8
3436,5
3437,9
3438,7
3439,7
3440,8
3441,10
3442,9
3443,7
3444,10
3445,7
3446,9
3447,10
3448,5
3449,7
3450,7
3451,10
3452,2
3453,6
3454,6
3455,8
3456,8
3457,6
3458,2
3459,8
3460,8
3461,9
3462,8
3463,8
3464,7
3465,8
3466,8
3467,6
3468,5
3469,6
3470,8
3471,7
3472,3
3473,7
3474,6
3475,8
3476,8
3477,5
3478,9
3479,7
3480,4
3481,8
3482,8
3483,5
3484,5
3485,6
3486,8
3487,9
3488,10
3489,8
3490,9
3491,8
3492,7
3493,6
3494,9
3495,6
3496,8
3497,9
3498,8
3499,7
3500,6
3501,7
3502,6
3503,9
3504,7
3505,9
3506,7
3507,1
3508,5
3509,6
3510,8
3511,8
3512,7
3513,8
3514,5
3515,6
3516,8
3517,9
3518,8
3519,8
3520,10
3521,6
3522,8
3523,9
3524,8
3525,6
3526,8
3527,7
3528,9
3529,10
3530,7
3531,6
3532,6
3533,5
3534,8
3535,8
3536,6
3537,6
3538,6
3539,8
3540,9
3541,10
3542,9
3543,5
3544,8
3545,8
3546,9
3547,8
3548,10
3549,7
3550,9
3551,9
3552,8
3553,7
3554,7
3555,9
3556,8
3557,7
3558,9
3559,8
3560,8
3561,10
3562,7
3563,9
3564,7
3565,7
3566,9
3567,9
3568,10
3569,10
3570,8
3571,1
3572,8
3573,6
3574,8
3575,6
3576,8
3577,7
3578,10
3579,8
3580,10
3581,6
3582,9
3583,7
3584,7
3585,8
3586,7
3587,8
3588,9
3589,9
3590,6
3591,7
3592,9
3593,10
3594,6
3595,7
3596,7
3597,1
3598,8
3599,8
3600,9
3601,9
3602,9
3603,8
3604,7
3605,8
3606,10
3607,7
3608,5
3609,7
3610,9
3611,9
3612,5
3613,5
3614,8
3615,4
3616,9
3617,7
3618,9
3619,6
3620,9
3621,7
3622,7
3623,10
3624,7
3625,8
3626,4
3627,6
3628,10
3629,9
3630,8
3631,4
3632,1
3633,10
3634,7
3635,10
3636,5
3637,6
3638,7
3639,7
3640,4
3641,6
3642,9
3643,9
3644,10
3645,9
3646,10
3647,9
3648,7
3649,8
3650,6
3651,6
3652,10
3653,9
3654,8
3655,8
3656,10
3657,7
3658,6
3659,9
3660,8
3661,8
3662,9
3663,10
3664,8
3665,10
3666,7
3667,4
3668,3
3669,9
3670,7
3671,10
3672,7
3673,7
3674,6
3675,8
3676,9
3677,8
3678,7
3679,9
3680,4
3681,8
3682,5
3683,5
3684,10
3685,8
3686,8
3687,10
3688,9
3689,1
3690,9
3691,7
3692,6
3693,7
3694,10
3695,6
3696,8
3697,8
3698,8
3699,10
3700,6
3701,6
3702,10
3703,4
3704,4
3705,10
3706,9
3707,9
3708,9
3709,10
3710,8
3711,7
3712,8
3713,7
3714,8
3715,7
3716,6
3717,10
3718,8
3719,8
3720,9
3721,1
3722,7
3723,7
3724,7
3725,8
3726,9
3727,7
3728,5
3729,5
3730,9
3731,6
3732,7
3733,10
3734,6
3735,10
3736,7
3737,4
3738,7
3739,7
3740,9
3741,10
3742,6
3743,9
3744,7
3745,9
3746,6
3747,6
3748,9
3749,5
3750,4
3751,10
3752,10
3753,9
3754,6
3755,7
3756,2
3757,6
3758,5
3759,9
3760,8
3761,8
3762,8
3763,8
3764,8
3765,9
3766,8
3767,9
3768,8
3769,7
3770,6
3771,10
3772,10
3773,8
3774,10
3775,7
3776,8
3777,8
3778,10
3779,6
3780,8
3781,8
3782,8
3783,7
3784,8
3785,8
3786,7
3787,9
3788,7
3789,9
3790,9
3791,9
3792,6
3793,9
3794,9
3795,9
3796,9
3797,9
3798,9
3799,7
3800,9
3801,8
3802,8
3803,8
3804,7
3805,6
3806,7
3807,3
3808,7
3809,7
3810,9
3811,6
3812,8
3813,3
3814,10
3815,9
3816,6
3817,9
3818,10
3819,4
3820,7
3821,10
3822,6
3823,7
3824,9
3825,8
3826,5
3827,7
3828,8
3829,7
3830,7
3831,9
3832,8
3833,5
3834,7
3835,10
3836,9
3837,6
3838,6
3839,7
3840,9
3841,5
3842,10
3843,8
3844,8
3845,7
3846,8
3847,10
3848,9
3849,9
3850,6
3851,8
3852,8
3853,9
3854,8
3855,9
3856,8
3857,7
3858,5
3859,10
3860,9
3861,5
3862,7
3863,6
3864,7
3865,7
3866,8
3867,6
3868,8
3869,8
3870,7
3871,8
3872,8
3873,7
3874,8
3875,2
3876,10
3877,10
3878,8
3879,9
3880,7
3881,10
3882,9
3883,5
3884,7
3885,6
3886,7
3887,10
3888,7
3889,8
3890,8
3891,8
3892,6
3893,8
3894,6
3895,9
3896,5
3897,5
3898,9
3899,9
3900,7
3901,10
3902,8
3903,9
3904,8
3905,8
3906,9
3907,1
3908,9
3909,7
3910,7
3911,7
3912,7
3913,9
3914,6
3915,6
3916,9
3917,6
3918,9
3919,8
3920,6
3921,9
3922,5
3923,9
3924,9
3925,1
3926,10
3927,7
3928,8
3929,8
3930,9
3931,6
3932,8
3933,9
3934,8
3935,10
3936,7
3937,8
3938,9
3939,10
3940,7
3941,8
3942,8
3943,7
3944,6
3945,6
3946,9
3947,8
3948,10
3949,8
3950,8
3951,8
3952,8
3953,7
3954,8
3955,9
3956,9
3957,9
3958,7
3959,8
3960,7
3961,8
3962,10
3963,10
3964,4
3965,7
3966,6
3967,9
3968,6
3969,9
3970,10
3971,8
3972,8
3973,8
3974,10
3975,6
3976,6
3977,7
3978,2
3979,8
3980,8
3981,9
3982,5
3983,8
3984,5
3985,5
3986,10
3987,6
3988,7
3989,9
3990,9
3991,9
3992,8
3993,8
3994,8
3995,9
3996,8
3997,8
3998,9
3999,9
4000,8
4001,4
4002,7
4003,9
4004,7
4005,7
4006,9
4007,6
4008,9
4009,8
4010,9
4011,5
4012,9
4013,8
4014,4
4015,7
4016,7
4017,8
4018,7
4019,7
4020,7
4021,10
4022,9
4023,10
4024,8
4025,6
4026,8
4027,9
4028,7
4029,8
4030,3
4031,7
4032,6
4033,9
4034,10
4035,7
4036,7
4037,8
4038,9
4039,7
4040,5
4041,9
4042,6
4043,7
4044,8
4045,8
4046,7
4047,9
4048,10
4049,5
4050,5
4051,6
4052,4
4053,9
4054,7
4055,8
4056,8
4057,7
4058,7
4059,8
4060,6
4061,8
4062,6
4063,9
4064,8
4065,5
4066,8
4067,7
4068,9
4069,8
4070,9
4071,5
4072,10
4073,9
4074,10
4075,8
4076,7
4077,5
4078,8
4079,9
4080,7
4081,8
4082,8
4083,4
4084,7
4085,9
4086,8
4087,8
4088,10
4089,7
4090,6
4091,1
4092,7
4093,6
4094,6
4095,9
4096,9
4097,7
4098,5
4099,9
4100,8
4101,7
4102,7
4103,10
4104,7
4105,6
4106,7
4107,6
4108,9
4109,7
4110,7
4111,8
4112,8
4113,9
4114,8
4115,6
4116,6
4117,9
4118,6
4119,5
4120,8
4121,4
4122,8
4123,6
4124,8
4125,8
4126,8
4127,8
4128,9
4129,8
4130,6
4131,9
4132,7
4133,9
4134,7
4135,10
4136,4
4137,9
4138,9
4139,7
4140,6
4141,8
4142,9
4143,8
4144,7
4145,7
4146,10
4147,7
4148,9
4149,6
4150,8
4151,7
4152,9
4153,8
4154,9
4155,8
4156,7
4157,8
4158,9
4159,9
4160,5
4161,7
4162,6
4163,7
4164,9
4165,7
4166,8
4167,7
4168,6
4169,9
4170,9
4171,6
4172,2
4173,7
4174,5
4175,10
4176,10
4177,9
4178,7
4179,9
4180,7
4181,8
4182,8
4183,8
4184,8
4185,7
4186,10
4187,5
4188,8
4189,9
4190,6
4191,2
4192,10
4193,8
4194,5
4195,10
4196,8
4197,7
4198,8
4199,7
4200,9
4201,9
4202,7
4203,10
4204,6
4205,6
4206,4
4207,8
4208,9
4209,9
4210,9
4211,9
4212,6
4213,7
4214,7
4215,8
4216,6
4217,1
4218,8
4219,8
4220,7
4221,8
4222,8
4223,5
4224,9
4225,9
4226,7
4227,8
4228,8
4229,8
4230,7
4231,5
4232,4
4233,7
4234,7
4235,8
4236,9
4237,5
4238,9
4239,6
4240,10
4241,7
4242,7
4243,7
4244,8
4245,7
4246,8
4247,8
4248,8
4249,5
4250,7
4251,8
4252,8
4253,8
4254,8
4255,9
4256,8
4257,8
4258,9
4259,8
4260,8
4261,8
4262,10
4263,10
4264,8
4265,10
4266,7
4267,9
4268,8
4269,8
4270,8
4271,8
4272,8
4273,7
4274,7
4275,7
4276,10
4277,7
4278,5
4279,3
4280,8
4281,8
4282,6
4283,9
4284,8
4285,7
4286,10
4287,10
4288,10
4289,7
4290,10
4291,8
4292,10
4293,4
4294,7
4295,6
4296,8
4297,7
4298,9
4299,8
4300,9
4301,8
4302,5
4303,10
4304,10
4305,8
4306,7
4307,9
4308,8
4309,6
4310,7
4311,1
4312,9
4313,9
4314,6
4315,7
4316,8
4317,5
4318,9
4319,2
4320,5
4321,10
4322,6
4323,9
4324,4
4325,9
4326,7
4327,6
4328,7
4329,7
4330,7
4331,8
4332,8
4333,7
4334,9
4335,7
4336,6
4337,10
4338,9
4339,8
4340,9
4341,10
4342,7
4343,10
4344,8
4345,10
4346,10
4347,8
4348,9
4349,10
4350,8
4351,8
4352,2
4353,10
4354,7
4355,9
4356,10
4357,6
4358,8
4359,5
4360,8
4361,9
4362,9
4363,5
4364,9
4365,9
4366,6
4367,8
4368,8
4369,9
4370,6
4371,8
4372,8
4373,8
4374,7
4375,5
4376,5
4377,4
4378,6
4379,8
4380,10
4381,10
4382,8
4383,5
4384,8
4385,8
4386,8
4387,8
4388,8
4389,9
4390,5
4391,8
4392,10
4393,5
4394,8
4395,7
4396,9
4397,8
4398,7
4399,7
4400,7
4401,8
4402,6
4403,10
4404,9
4405,3
4406,9
4407,9
4408,7
4409,9
4410,7
4411,9
4412,10
4413,4
4414,9
4415,6
4416,7
4417,9
4418,8
4419,8
4420,9
4421,6
4422,10
4423,10
4424,10
4425,6
4426,6
4427,1
4428,10
4429,9
4430,4
4431,6
4432,6
4433,5
4434,8
4435,8
4436,8
4437,5
4438,8
4439,8
4440,8
4441,9
4442,7
4443,9
4444,5
4445,7
4446,6
4447,9
4448,9
4449,7
4450,8
4451,7
4452,6
4453,6
4454,7
4455,8
4456,8
4457,8
4458,8
4459,8
4460,9
4461,8
4462,3
4463,7
4464,8
4465,4
4466,7
4467,7
4468,9
4469,7
4470,9
4471,5
4472,7
4473,9
4474,6
4475,6
4476,8
4477,9
4478,9
4479,9
4480,8
4481,6
4482,10
4483,6
4484,10
4485,7
4486,7
4487,9
4488,8
4489,6
4490,7
4491,9
4492,5
4493,9
4494,8
4495,8
4496,6
4497,7
4498,7
4499,7
4500,7
4501,6
4502,7
4503,3
4504,8
4505,9
4506,8
4507,10
4508,7
4509,7
4510,6
4511,8
4512,7
4513,8
4514,6
4515,7
4516,10
4517,9
4518,9
4519,7
4520,6
4521,6
4522,3
4523,10
4524,9
4525,8
4526,2
4527,8
4528,6
4529,9
4530,8
4531,9
4532,8
4533,8
4534,9
4535,7
4536,8
4537,8
4538,4
4539,7
4540,7
4541,8
4542,8
4543,8
4544,8
4545,8
4546,8
4547,9
4548,8
4549,8
4550,8
4551,10
4552,7
4553,8
4554,8
4555,9
4556,8
4557,9
4558,7
4559,8
4560,8
4561,7
4562,9
4563,8
4564,9
4565,5
4566,5
4567,7
4568,5
4569,9
4570,10
4571,7
4572,4
4573,8
4574,8
4575,9
4576,7
4577,7
4578,7
4579,9
4580,8
4581,6
4582,9
4583,8
4584,8
4585,7
4586,7
4587,9
4588,8
4589,9
4590,7
4591,9
4592,6
4593,5
4594,8
4595,8
4596,8
4597,7
4598,6
4599,8
4600,6
4601,7
4602,8
4603,10
4604,7
4605,10
4606,9
4607,8
4608,10
4609,7
4610,10
4611,6
4612,9
4613,7
4614,10
4615,8
4616,7
4617,9
4618,10
4619,5
4620,4
4621,6
4622,10
4623,5
4624,6
4625,8
4626,5
4627,7
4628,7
4629,10
4630,8
4631,8
4632,8
4633,9
4634,10
4635,2
4636,9
4637,7
4638,7
4639,5
4640,8
4641,8
4642,8
4643,6
4644,8
4645,10
4646,9
4647,8
4648,8
4649,8
4650,8
4651,9
4652,7
4653,9
4654,8
4655,10
4656,9
4657,8
4658,10
4659,9
4660,8
4661,7
4662,8
4663,9
4664,6
4665,9
4666,10
4667,10
4668,7
4669,8
4670,10
4671,8
4672,10
4673,10
4674,10
4675,10
4676,6
4677,6
4678,9
4679,9
4680,8
4681,7
4682,8
4683,10
4684,8
4685,5
4686,9
4687,10
4688,10
4689,7
4690,5
4691,6
4692,7
4693,7
4694,3
4695,9
4696,9
4697,6
4698,8
4699,9
4700,1
4701,8
4702,7
4703,8
4704,7
4705,10
4706,10
4707,8
4708,7
4709,7
4710,10
4711,10
4712,10
4713,10
4714,8
4715,9
4716,6
4717,8
4718,8
4719,8
4720,8
4721,10
4722,10
4723,7
4724,8
4725,7
4726,8
4727,4
4728,9
4729,7
4730,9
4731,9
4732,9
4733,8
4734,7
4735,10
4736,7
4737,7
4738,10
4739,8
4740,9
4741,9
4742,8
4743,5
4744,10
4745,5
4746,9
4747,7
4748,7
4749,7
4750,9
4751,7
4752,3
4753,7
4754,10
4755,4
4756,8
4757,6
4758,8
4759,7
4760,9
4761,8
4762,9
4763,6
4764,8
4765,6
4766,7
4767,8
4768,9
4769,9
4770,8
4771,9
4772,7
4773,6
4774,8
4775,10
4776,8
4777,10
4778,9
4779,7
4780,8
4781,8
4782,9
4783,10
4784,7
4785,9
4786,7
4787,8
4788,8
4789,10
4790,9
4791,7
4792,10
4793,5
4794,8
4795,5
4796,4
4797,8
4798,9
4799,7
4800,8
4801,9
4802,10
4803,7
4804,7
4805,7
4806,9
4807,9
4808,10
4809,7
4810,8
4811,2
4812,9
4813,6
4814,8
4815,7
4816,8
4817,9
4818,6
4819,6
4820,6
4821,9
4822,7
4823,9
4824,8
4825,8
4826,8
4827,6
4828,9
4829,7
4830,6
4831,7
4832,2
4833,8
4834,9
4835,5
4836,10
4837,5
4838,8
4839,9
4840,7
4841,10
4842,9
4843,8
4844,9
4845,9
4846,6
4847,6
4848,7
4849,9
4850,9
4851,8
4852,9
4853,6
4854,8
4855,6
4856,8
4857,6
4858,7
4859,3
4860,10
4861,8
4862,5
4863,8
4864,6
4865,7
4866,7
4867,6
4868,9
4869,9
4870,10
4871,7
4872,6
4873,3
4874,6
4875,1
4876,10
4877,10
4878,5
4879,8
4880,8
4881,10
4882,7
4883,7
4884,9
4885,7
4886,10
4887,9
4888,8
4889,6
4890,7
4891,6
4892,8
4893,6
4894,8
4895,8
4896,7
4897,7
4898,5
4899,10
4900,9
4901,10
4902,8
4903,9
4904,6
4905,8
4906,5
4907,5
4908,8
4909,8
4910,8
4911,8
4912,7
4913,10
4914,8
4915,8
4916,7
4917,7
4918,7
4919,8
4920,4
4921,7
4922,8
4923,4
4924,8
4925,2
4926,8
4927,8
4928,7
4929,8
4930,8
4931,7
4932,10
4933,8
4934,9
4935,4
4936,5
4937,10
4938,7
4939,9
4940,3
4941,6
4942,9
4943,6
4944,8
4945,8
4946,9
4947,10
4948,8
4949,9
4950,9
4951,9
4952,5
4953,10
4954,9
4955,8
4956,9
4957,7
4958,8
4959,2
4960,8
4961,7
4962,10
4963,5
4964,10
4965,9
4966,9
4967,10
4968,8
4969,5
4970,3
4971,8
4972,10
4973,7
4974,8
4975,9
4976,8
4977,8
4978,3
4979,7
4980,7
4981,7
4982,9
4983,8
4984,7
4985,8
4986,8
4987,7
4988,9
4989,10
4990,10
4991,7
4992,8
4993,10
4994,7
4995,6
4996,10
4997,5
4998,9
4999,10
5000,9
5001,8
5002,10
5003,8
5004,7
5005,8
5006,9
5007,8
5008,6
5009,9
5010,6
5011,7
5012,10
5013,8
5014,6
5015,9
5016,10
5017,6
5018,6
5019,9
5020,6
5021,8
5022,5
5023,9
5024,9
5025,9
5026,8
5027,7
5028,8
5029,7
5030,9
5031,7
5032,7
5033,5
5034,9
5035,7
5036,8
5037,7
5038,7
5039,9
5040,9
5041,8
5042,8
5043,10
5044,9
5045,8
5046,8
5047,9
5048,3
5049,6
5050,9
5051,7
5052,9
5053,7
5054,9
5055,7
5056,7
5057,8
5058,6
5059,9
5060,10
5061,9
5062,6
5063,7
5064,8
5065,10
5066,10
5067,8
5068,9
5069,6
5070,5
5071,7
5072,9
5073,8
5074,10
5075,8
5076,9
5077,8
5078,8
5079,8
5080,9
5081,8
5082,8
5083,9
5084,8
5085,3
5086,9
5087,7
5088,7
5089,7
5090,4
5091,10
5092,10
5093,10
5094,8
5095,8
5096,6
5097,9
5098,9
5099,10
5100,5
5101,8
5102,7
5103,8
5104,8
5105,9
5106,9
5107,10
5108,6
5109,5
5110,7
5111,9
5112,6
5113,8
5114,7
5115,6
5116,5
5117,5
5118,8
5119,8
5120,6
5121,9
5122,6
5123,6
5124,7
5125,8
5126,10
5127,9
5128,9
5129,9
5130,9
5131,9
5132,7
5133,3
5134,6
5135,7
5136,7
5137,7
5138,6
5139,6
5140,8
5141,5
5142,8
5143,5
5144,9
5145,8
5146,5
5147,7
5148,8
5149,8
5150,7
5151,10
5152,6
5153,9
5154,8
5155,8
5156,8
5157,9
5158,7
5159,8
5160,7
5161,10
5162,9
5163,8
5164,7
5165,8
5166,9
5167,6
5168,7
5169,9
5170,7
5171,8
5172,2
5173,7
5174,6
5175,8
5176,7
5177,9
5178,8
5179,10
5180,9
5181,8
5182,9
5183,10
5184,10
5185,9
5186,9
5187,7
5188,7
5189,9
5190,9
5191,8
5192,7
5193,8
5194,8
5195,10
5196,6
5197,9
5198,8
5199,9
5200,7
5201,7
5202,8
5203,3
5204,8
5205,6
5206,8
5207,6
5208,8
5209,6
5210,10
5211,6
5212,6
5213,6
5214,6
5215,8
5216,6
5217,7
5218,7
5219,8
5220,8
5221,10
5222,5
5223,10
5224,9
5225,8
5226,9
5227,7
5228,7
5229,8
5230,8
5231,7
5232,9
5233,9
5234,7
5235,8
5236,8
5237,10
5238,10
5239,8
5240,4
5241,5
5242,8
5243,10
5244,9
5245,5
5246,8
5247,8
5248,6
5249,9
5250,8
5251,9
5252,8
5253,5
5254,8
5255,8
5256,7
5257,1
5258,10
5259,6
5260,8
5261,8
5262,8
5263,9
5264,9
5265,8
5266,9
5267,7
5268,8
5269,4
5270,7
5271,9
5272,9
5273,6
5274,7
5275,7
5276,4
5277,7
5278,6
5279,5
5280,9
5281,8
5282,9
5283,9
5284,8
5285,7
5286,8
5287,6
5288,7
5289,8
5290,7
5291,8
5292,7
5293,6
5294,5
5295,10
5296,10
5297,8
5298,9
5299,10
5300,7
5301,8
5302,9
5303,5
5304,4
5305,8
5306,7
5307,7
5308,6
5309,8
5310,8
5311,9
5312,8
5313,7
5314,7
5315,6
5316,7
5317,9
5318,10
5319,7
5320,5
5321,9
5322,8
5323,9
5324,8
5325,8
5326,9
5327,8
5328,9
5329,8
5330,8
5331,9
5332,9
5333,9
5334,1
5335,9
5336,8
5337,8
5338,5
5339,8
5340,8
5341,9
5342,8
5343,9
5344,9
5345,8
5346,5
5347,7
5348,8
5349,7
5350,7
5351,5
5352,9
5353,8
5354,1
5355,8
5356,10
5357,9
5358,9
5359,8
5360,10
5361,10
5362,9
5363,9
5364,8
5365,9
5366,10
5367,6
5368,10
5369,8
5370,7
5371,4
5372,8
5373,7
5374,8
5375,7
5376,8
5377,7
5378,10
5379,3
5380,8
5381,10
5382,9
5383,10
5384,7
5385,1
5386,7
5387,6
5388,10
5389,5
5390,7
5391,7
5392,9
5393,10
5394,7
5395,9
5396,7
5397,9
5398,8
5399,8
5400,7
5401,7
5402,5
5403,7
5404,8
5405,7
5406,9
5407,9
5408,8
5409,6
5410,9
5411,5
5412,8
5413,8
5414,8
5415,8
5416,10
5417,6
5418,7
5419,1
5420,5
5421,9
5422,7
5423,9
5424,8
5425,7
5426,8
5427,10
5428,10
5429,9
5430,9
5431,10
5432,1
5433,6
5434,7
5435,6
5436,8
5437,8
5438,5
5439,8
5440,9
5441,4
5442,10
5443,7
5444,9
5445,8
5446,7
5447,9
5448,9
5449,5
5450,7
5451,6
5452,6
5453,6
5454,10
5455,7
5456,7
5457,7
5458,5
5459,7
5460,9
5461,9
5462,10
5463,8
5464,9
5465,10
5466,7
5467,7
5468,8
5469,8
5470,8
5471,8
5472,5
5473,7
5474,9
5475,8
5476,6
5477,7
5478,6
5479,9
5480,10
5481,8
5482,9
5483,8
5484,9
5485,10
5486,9
5487,10
5488,10
5489,8
5490,7
5491,9
5492,4
5493,8
5494,9
5495,7
5496,8
5497,5
5498,6
5499,8
5500,6
5501,10
5502,8
5503,8
5504,9
5505,9
5506,8
5507,8
5508,10
5509,8
5510,9
5511,6
5512,8
5513,9
5514,9
5515,8
5516,10
5517,8
5518,7
5519,10
5520,8
5521,7
5522,9
5523,8
5524,10
5525,8
5526,8
5527,6
5528,6
5529,6
5530,7
5531,9
5532,7
5533,10
5534,7
5535,1
5536,8
5537,8
5538,6
5539,10
5540,7
5541,7
5542,8
5543,8
5544,8
5545,6
5546,3
5547,7
5548,6
5549,7
5550,5
5551,7
5552,7
5553,9
5554,7
5555,9
5556,8
5557,4
5558,9
5559,9
5560,7
5561,9
5562,8
5563,10
5564,7
5565,10
5566,8
5567,6
5568,7
5569,1
5570,8
5571,6
5572,7
5573,8
5574,7
5575,5
5576,9
5577,9
5578,6
5579,9
5580,8
5581,10
5582,9
5583,9
5584,7
5585,9
5586,6
5587,10
5588,8
5589,9
5590,7
5591,7
5592,9
5593,8
5594,9
5595,6
5596,10
5597,7
5598,8
5599,8
5600,9
5601,8
5602,8
5603,6
5604,6
5605,8
5606,9
5607,8
5608,5
5609,7
5610,5
5611,8
5612,5
5613,9
5614,5
5615,9
5616,8
5617,5
5618,9
5619,6
5620,8
5621,7
5622,9
5623,5
5624,8
5625,8
5626,7
5627,6
5628,9
5629,7
5630,9
5631,10
5632,6
5633,8
5634,7
5635,9
5636,3
5637,7
5638,6
5639,8
5640,1
5641,8
5642,8
5643,7
5644,6
5645,2
5646,8
5647,8
5648,7
5649,6
5650,10
5651,7
5652,8
5653,7
5654,7
5655,10
5656,8
5657,9
5658,6
5659,9
5660,8
5661,8
5662,1
5663,5
5664,5
5665,9
5666,7
5667,9
5668,8
5669,7
5670,9
5671,9
5672,9
5673,7
5674,5
5675,6
5676,8
5677,7
5678,7
5679,9
5680,9
5681,4
5682,7
5683,9
5684,10
5685,6
5686,5
5687,8
5688,6
5689,8
5690,9
5691,8
5692,8
5693,5
5694,7
5695,6
5696,7
5697,7
5698,7
5699,7
5700,7
5701,8
5702,7
5703,8
5704,8
5705,8
5706,8
5707,6
5708,9
5709,7
5710,9
5711,7
5712,8
5713,7
5714,9
5715,8
5716,7
5717,7
5718,6
5719,10
5720,8
5721,7
5722,9
5723,8
5724,9
5725,7
5726,6
5727,8
5728,9
5729,9
5730,7
5731,8
5732,3
5733,9
5734,9
5735,5
5736,5
5737,9
5738,5
5739,7
5740,8
5741,9
5742,7
5743,8
5744,8
5745,7
5746,6
5747,9
5748,9
5749,4
5750,10
5751,8
5752,8
5753,9
5754,9
5755,7
5756,8
5757,7
5758,9
5759,6
5760,9
5761,9
5762,6
5763,8
5764,8
5765,5
5766,7
5767,9
5768,6
5769,9
5770,10
5771,8
5772,7
5773,8
5774,3
5775,8
5776,9
5777,10
5778,8
5779,8
5780,9
5781,9
5782,7
5783,7
5784,8
5785,9
5786,9
5787,9
5788,8
5789,8
5790,5
5791,8
5792,6
5793,9
5794,8
5795,6
5796,10
5797,8
5798,9
5799,6
5800,9
5801,6
5802,5
5803,4
5804,6
5805,6
5806,8
5807,9
5808,8
5809,8
5810,3
5811,7
5812,8
5813,7
5814,9
5815,8
5816,9
5817,9
5818,6
5819,9
5820,10
5821,10
5822,9
5823,8
5824,1
5825,10
5826,7
5827,8
5828,8
5829,9
5830,9
5831,10
5832,7
5833,8
5834,7
5835,7
5836,7
5837,8
5838,8
5839,7
5840,7
5841,9
5842,7
5843,8
5844,7
5845,6
5846,8
5847,8
5848,6
5849,6
5850,5
5851,8
5852,9
5853,8
5854,9
5855,9
5856,7
5857,4
5858,4
5859,8
5860,10
5861,6
5862,7
5863,7
5864,7
5865,7
5866,5
5867,7
5868,6
5869,7
5870,6
5871,8
5872,8
5873,6
5874,10
5875,8
5876,10
5877,9
5878,8
5879,8
5880,5
5881,7
5882,5
5883,8
5884,8
5885,6
5886,8
5887,9
5888,5
5889,3
5890,7
5891,10
5892,8
5893,8
5894,8
5895,3
5896,9
5897,8
5898,9
5899,9
5900,9
5901,6
5902,9
5903,9
5904,7
5905,8
5906,9
5907,10
5908,9
5909,6
5910,9
5911,8
5912,8
5913,7
5914,9
5915,8
5916,7
5917,8
5918,5
5919,8
5920,5
5921,7
5922,10
5923,10
5924,2
5925,6
5926,7
5927,5
5928,7
5929,1
5930,6
5931,8
5932,8
5933,8
5934,7
5935,6
5936,6
5937,6
5938,7
5939,7
5940,10
5941,8
5942,10
5943,9
5944,6
5945,8
5946,9
5947,9
5948,7
5949,10
5950,6
5951,9
5952,8
5953,9
5954,6
5955,7
5956,9
5957,8
5958,8
5959,10
5960,9
5961,7
5962,7
5963,9
5964,9
5965,9
5966,6
5967,9
5968,8
5969,6
5970,6
5971,10
5972,9
5973,9
5974,7
5975,7
5976,6
5977,5
5978,7
5979,4
5980,7
5981,6
5982,8
5983,8
5984,7
5985,7
5986,8
5987,8
5988,9
5989,10
5990,6
5991,9
5992,9
5993,7
5994,10
5995,8
5996,8
5997,4
5998,6
5999,7
6000,8
6001,10
6002,10
6003,8
6004,7
6005,10
6006,7
6007,9
6008,7
6009,8
6010,3
6011,9
6012,7
6013,10
6014,2
6015,9
6016,10
6017,8
6018,7
6019,10
6020,9
6021,8
6022,9
6023,5
6024,5
6025,9
6026,9
6027,9
6028,8
6029,8
6030,10
6031,9
6032,9
6033,10
6034,6
6035,8
6036,10
6037,8
6038,7
6039,6
6040,9
6041,8
6042,5
6043,10
6044,9
6045,1
6046,8
6047,9
6048,8
6049,8
6050,10
6051,7
6052,9
6053,4
6054,10
6055,8
6056,9
6057,6
6058,6
6059,9
6060,7
6061,6
6062,8
6063,4
6064,9
6065,9
6066,8
6067,8
6068,8
6069,6
6070,7
6071,10
6072,9
6073,7
6074,10
6075,7
6076,7
6077,10
6078,8
6079,4
6080,9
6081,7
6082,8
6083,8
6084,7
6085,8
6086,8
6087,9
6088,8
6089,8
6090,5
6091,10
6092,5
6093,1
6094,7
6095,10
6096,1
6097,6
6098,9
6099,7
6100,8
6101,7
6102,8
6103,8
6104,6
6105,8
6106,8
6107,8
6108,9
6109,10
6110,8
6111,8
6112,10
6113,8
6114,8
6115,9
6116,10
6117,7
6118,8
6119,9
6120,9
6121,7
6122,9
6123,8
6124,8
6125,6
6126,8
6127,9
6128,9
6129,6
6130,8
6131,9
6132,9
6133,6
6134,8
6135,8
6136,7
6137,9
6138,8
6139,10
6140,8
6141,8
6142,7
6143,7
6144,8
6145,5
6146,9
6147,7
6148,8
6149,10
6150,7
6151,8
6152,7
6153,7
6154,8
6155,8
6156,5
6157,6
6158,9
6159,9
6160,8
6161,6
6162,9
6163,9
6164,7
6165,8
6166,8
6167,8
6168,10
6169,8
6170,8
6171,8
6172,1
6173,9
6174,7
6175,8
6176,6
6177,6
6178,7
6179,9
6180,9
6181,8
6182,7
6183,5
6184,8
6185,8
6186,6
6187,8
6188,8
6189,3
6190,9
6191,9
6192,10
6193,8
6194,9
6195,7
6196,8
6197,7
6198,7
6199,7
6200,7
6201,9
6202,9
6203,7
6204,7
6205,1
6206,7
6207,9
6208,8
6209,8
6210,7
6211,6
6212,8
6213,8
6214,9
6215,7
6216,8
6217,4
6218,7
6219,9
6220,7
6221,9
6222,9
6223,8
6224,7
6225,8
6226,7
6227,7
6228,8
6229,9
6230,7
6231,8
6232,7
6233,6
6234,10
6235,7
6236,7
6237,7
6238,9
6239,8
6240,8
6241,9
6242,8
6243,7
6244,9
6245,6
6246,10
6247,6
6248,10
6249,8
6250,7
6251,8
6252,5
6253,7
6254,9
6255,9
6256,6
6257,8
6258,6
6259,4
6260,6
6261,8
6262,8
6263,9
6264,6
6265,2
6266,9
6267,10
6268,4
6269,7
6270,7
6271,9
6272,9
6273,10
6274,9
6275,3
6276,4
6277,7
6278,7
6279,8
6280,1
6281,8
6282,5
6283,9
6284,7
6285,7
6286,8
6287,7
6288,9
6289,9
6290,7
6291,7
6292,7
6293,7
6294,8
6295,9
6296,6
6297,8
6298,9
6299,9
6300,7
6301,7
6302,8
6303,7
6304,10
6305,10
6306,8
6307,6
6308,9
6309,8
6310,7
6311,7
6312,6
6313,7
6314,9
6315,6
6316,8
6317,8
6318,8
6319,9
6320,9
6321,6
6322,6
6323,8
6324,7
6325,8
6326,9
6327,8
6328,6
6329,10
6330,5
6331,7
6332,9
6333,7
6334,7
6335,6
6336,10
6337,10
6338,6
6339,7
6340,3
6341,8
6342,6
6343,8
6344,5
6345,8
6346,5
6347,7
6348,3
6349,9
6350,8
6351,7
6352,6
6353,8
6354,4
6355,10
6356,9
6357,10
6358,9
6359,7
6360,3
6361,9
6362,10
6363,8
6364,6
6365,7
6366,8
6367,8
6368,9
6369,6
6370,10
6371,8
6372,8
6373,7
6374,7
6375,6
6376,8
6377,8
6378,8
6379,6
6380,6
6381,7
6382,8
6383,6
6384,9
6385,7
6386,8
6387,9
6388,9
6389,7
6390,1
6391,6
6392,10
6393,9
6394,9
6395,9
6396,6
6397,6
6398,7
6399,7
6400,4
6401,9
6402,9
6403,8
6404,10
6405,7
6406,9
6407,4
6408,8
6409,8
6410,4
6411,7
6412,6
6413,6
6414,9
6415,7
6416,10
6417,10
6418,8
6419,7
6420,8
6421,7
6422,9
6423,9
6424,3
6425,8
6426,10
6427,9
6428,8
6429,6
6430,8
6431,6
6432,7
6433,6
6434,8
6435,1
6436,6
6437,6
6438,6
6439,7
6440,10
6441,7
6442,7
6443,7
6444,7
6445,9
6446,10
6447,7
6448,8
6449,8
6450,6
6451,6
6452,8
6453,7
6454,7
6455,6
6456,8
6457,7
6458,9
6459,4
6460,7
6461,8
6462,9
6463,9
6464,1
6465,8
6466,5
6467,6
6468,9
6469,7
6470,8
6471,7
6472,9
6473,10
6474,6
6475,10
6476,8
6477,7
6478,8
6479,6
6480,6
6481,7
6482,9
6483,8
6484,8
6485,10
6486,8
6487,7
6488,10
6489,6
6490,5
6491,8
6492,8
6493,6
6494,7
6495,9
6496,8
6497,8
6498,5
6499,9
6500,8
6501,8
6502,7
6503,10
6504,9
6505,8
6506,6
6507,8
6508,7
6509,8
6510,7
6511,10
6512,10
6513,5
6514,8
6515,8
6516,6
6517,9
6518,10
6519,8
6520,8
6521,10
6522,7
6523,7
6524,3
6525,10
6526,9
6527,10
6528,7
6529,8
6530,7
6531,9
6532,10
6533,9
6534,7
6535,8
6536,6
6537,6
6538,6
6539,6
6540,8
6541,9
6542,9
6543,8
6544,7
6545,9
6546,8
6547,9
6548,7
6549,6
6550,8
6551,6
6552,10
6553,6
6554,7
6555,10
6556,8
6557,8
6558,9
6559,10
6560,7
6561,7
6562,6
6563,10
6564,10
6565,6
6566,9
6567,8
6568,6
6569,8
6570,8
6571,6
6572,6
6573,9
6574,10
6575,10
6576,6
6577,4
6578,9
6579,7
6580,7
6581,6
6582,10
6583,10
6584,2
6585,8
6586,9
6587,8
6588,7
6589,9
6590,7
6591,10
6592,7
6593,3
6594,9
6595,10
6596,7
6597,7
6598,6
6599,6
6600,6
6601,7
6602,6
6603,9
6604,2
6605,3
6606,6
6607,9
6608,7
6609,9
6610,9
6611,8
6612,5
6613,3
6614,8
6615,10
6616,8
6617,10
6618,7
6619,8
6620,10
6621,3
6622,9
6623,7
6624,8
6625,8
6626,7
6627,7
6628,6
6629,6
6630,4
6631,7
6632,9
6633,7
6634,8
6635,7
6636,8
6637,6
6638,5
6639,7
6640,8
6641,8
6642,9
6643,9
6644,6
6645,9
6646,1
6647,3
6648,6
6649,9
6650,10
6651,7
6652,9
6653,8
6654,7
6655,8
6656,6
6657,3
6658,7
6659,9
6660,8
6661,9
6662,9
6663,7
6664,1
6665,6
6666,10
6667,8
6668,10
6669,9
6670,9
6671,7
6672,7
6673,9
6674,5
6675,8
6676,5
6677,9
6678,9
6679,4
6680,8
6681,7
6682,10
6683,10
6684,9
6685,9
6686,2
6687,8
6688,6
6689,9
6690,5
6691,8
6692,10
6693,9
6694,7
6695,7
6696,5
6697,10
6698,8
6699,6
6700,6
6701,8
6702,7
6703,7
6704,6
6705,8
6706,8
6707,9
6708,7
6709,10
6710,6
6711,7
6712,8
6713,8
6714,8
6715,7
6716,9
6717,9
6718,8
6719,7
6720,10
6721,4
6722,9
6723,7
6724,7
6725,8
6726,10
6727,8
6728,8
6729,9
6730,10
6731,9
6732,9
6733,9
6734,9
6735,9
6736,9
6737,4
6738,8
6739,8
6740,8
6741,6
6742,5
6743,9
6744,9
6745,9
6746,5
6747,8
6748,8
6749,9
6750,7
6751,9
6752,10
6753,9
6754,7
6755,9
6756,8
6757,10
6758,7
6759,10
6760,7
6761,9
6762,5
6763,6
6764,5
6765,9
6766,9
6767,7
6768,2
6769,1
6770,8
6771,7
6772,7
6773,5
6774,7
6775,9
6776,8
6777,6
6778,7
6779,9
6780,8
6781,6
6782,6
6783,5
6784,9
6785,8
6786,8
6787,7
6788,8
6789,6
6790,4
6791,7
6792,6
6793,3
6794,9
6795,7
6796,7
6797,9
6798,8
6799,10
6800,10
6801,6
6802,6
6803,7
6804,8
6805,8
6806,3
6807,7
6808,10
6809,9
6810,7
6811,5
6812,6
6813,7
6814,9
6815,8
6816,2
6817,8
6818,3
6819,6
6820,6
6821,9
6822,10
6823,8
6824,9
6825,7
6826,8
6827,5
6828,9
6829,9
6830,7
6831,8
6832,7
6833,7
6834,5
6835,6
6836,9
6837,8
6838,7
6839,8
6840,9
6841,9
6842,8
6843,9
6844,7
6845,1
6846,9
6847,8
6848,8
6849,2
6850,10
6851,9
6852,9
6853,8
6854,7
6855,7
6856,7
6857,7
6858,7
6859,9
6860,10
6861,6
6862,8
6863,7
6864,8
6865,8
6866,3
6867,6
6868,9
6869,10
6870,7
6871,6
6872,9
6873,9
6874,7
6875,10
6876,9
6877,8
6878,9
6879,9
6880,9
6881,7
6882,6
6883,7
6884,9
6885,7
6886,8
6887,7
6888,8
6889,8
6890,6
6891,8
6892,7
6893,8
6894,4
6895,8
6896,9
6897,10
6898,7
6899,6
6900,8
6901,8
6902,7
6903,10
6904,7
6905,9
6906,8
6907,9
6908,8
6909,5
6910,7
6911,9
6912,6
6913,8
6914,7
6915,6
6916,8
6917,7
6918,7
6919,8
6920,8
6921,6
6922,8
6923,8
6924,8
6925,7
6926,8
6927,5
6928,8
6929,9
6930,8
6931,9
6932,8
6933,7
6934,8
6935,8
6936,7
6937,7
6938,8
6939,3
6940,9
6941,8
6942,1
6943,8
6944,9
6945,8
6946,8
6947,7
6948,7
6949,6
6950,6
6951,5
6952,7
6953,10
6954,9
6955,6
6956,9
6957,6
6958,9
6959,7
6960,8
6961,8
6962,9
6963,10
6964,8
6965,5
6966,10
6967,8
6968,9
6969,9
6970,9
6971,8
6972,8
6973,5
6974,7
6975,3
6976,7
6977,9
6978,9
6979,8
6980,9
6981,9
6982,7
6983,9
6984,10
6985,10
6986,9
6987,7
6988,9
6989,6
6990,9
6991,5
6992,8
6993,7
6994,4
6995,8
6996,9
6997,7
6998,3
6999,9
7000,10
7001,10
7002,2
7003,9
7004,8
7005,6
7006,10
7007,7
7008,9
7009,6
7010,8
7011,9
7012,10
7013,7
7014,10
7015,10
7016,8
7017,6
7018,9
7019,1
7020,6
7021,8
7022,7
7023,6
7024,4
7025,10
7026,8
7027,10
7028,6
7029,9
7030,7
7031,6
7032,6
7033,7
7034,10
7035,9
7036,10
7037,5
7038,5
7039,8
7040,8
7041,5
7042,8
7043,6
7044,10
7045,7
7046,10
7047,10
7048,7
7049,9
7050,6
7051,6
7052,6
7053,5
7054,7
7055,8
7056,7
7057,9
7058,9
7059,9
7060,9
7061,7
7062,9
7063,4
7064,8
7065,9
7066,6
7067,8
7068,10
7069,7
7070,9
7071,7
7072,7
7073,7
7074,6
7075,7
7076,7
7077,9
7078,9
7079,7
7080,5
7081,8
7082,5
7083,8
7084,10
7085,8
7086,7
7087,5
7088,7
7089,9
7090,7
7091,8
7092,8
7093,8
7094,6
7095,9
7096,7
7097,8
7098,10
7099,7
7100,9
7101,8
7102,10
7103,9
7104,3
7105,9
7106,9
7107,9
7108,7
7109,8
7110,8
7111,5
7112,9
7113,7
7114,8
7115,7
7116,8
7117,9
7118,8
7119,10
7120,7
7121,10
7122,7
7123,2
7124,8
7125,5
7126,8
7127,10
7128,5
7129,9
7130,7
7131,7
7132,6
7133,8
7134,9
7135,6
7136,10
7137,5
7138,4
7139,8
7140,8
7141,8
7142,6
7143,7
7144,7
7145,7
7146,7
7147,10
7148,7
7149,10
7150,9
7151,6
7152,7
7153,7
7154,6
7155,9
7156,2
7157,8
7158,7
7159,9
7160,7
7161,7
7162,9
7163,6
7164,8
7165,6
7166,8
7167,8
7168,9
7169,9
7170,5
7171,8
7172,10
7173,7
7174,8
7175,6
7176,9
7177,8
7178,7
7179,8
7180,5
7181,10
7182,6
7183,9
7184,6
7185,5
7186,9
7187,6
7188,7
7189,7
7190,8
7191,7
7192,8
7193,7
7194,8
7195,8
7196,7
7197,8
7198,10
7199,9
7200,10
7201,10
7202,8
7203,8
7204,9
7205,9
7206,6
7207,5
7208,7
7209,9
7210,7
7211,7
7212,9
7213,5
7214,6
7215,6
7216,8
7217,6
7218,9
7219,5
7220,9
7221,6
7222,8
7223,2
7224,10
7225,10
7226,7
7227,8
7228,10
7229,7
7230,4
7231,9
7232,8
7233,7
7234,9
7235,8
7236,6
7237,7
7238,8
7239,9
7240,6
7241,9
7242,7
7243,8
7244,6
7245,6
7246,9
7247,10
7248,5
7249,6
7250,9
7251,8
7252,8
7253,9
7254,7
7255,9
7256,7
7257,10
7258,10
7259,8
7260,7
7261,6
7262,9
7263,10
7264,8
7265,9
7266,8
7267,2
7268,9
7269,7
7270,5
7271,8
7272,8
7273,7
7274,7
7275,4
7276,7
7277,10
7278,8
7279,8
7280,9
7281,10
7282,8
7283,10
7284,9
7285,8
7286,5
7287,7
7288,6
7289,10
7290,5
7291,7
7292,7
7293,7
7294,8
7295,8
7296,6
7297,10
7298,7
7299,7
7300,8
7301,7
7302,7
7303,9
7304,8
7305,9
7306,10
7307,8
7308,7
7309,8
7310,5
7311,6
7312,9
7313,8
7314,5
7315,4
7316,9
7317,8
7318,7
7319,8
7320,9
7321,9
7322,8
7323,9
7324,7
7325,8
7326,7
7327,7
7328,4
7329,7
7330,10
7331,7
7332,5
7333,7
7334,7
7335,8
7336,10
7337,9
7338,10
7339,9
7340,9
7341,7
7342,7
7343,4
7344,7
7345,6
7346,4
7347,7
7348,8
7349,10
7350,7
7351,7
7352,7
7353,7
7354,7
7355,7
7356,8
7357,6
7358,7
7359,8
7360,5
7361,7
7362,4
7363,7
7364,8
7365,7
7366,7
7367,4
7368,10
7369,9
7370,9
7371,8
7372,6
7373,6
7374,5
7375,9
7376,3
7377,9
7378,9
7379,6
7380,10
7381,8
7382,9
7383,5
7384,10
7385,7
7386,6
7387,9
7388,8
7389,9
7390,6
7391,1
7392,9
7393,2
7394,8
7395,8
7396,9
7397,9
7398,8
7399,10
7400,10
7401,10
7402,7
7403,9
7404,3
7405,7
7406,9
7407,10
7408,7
7409,5
7410,7
7411,9
7412,8
7413,10
7414,7
7415,8
7416,4
7417,4
7418,7
7419,8
7420,6
7421,10
7422,8
7423,8
7424,8
7425,5
7426,6
7427,8
7428,8
7429,7
7430,9
7431,8
7432,9
7433,7
7434,8
7435,9
7436,7
7437,6
7438,9
7439,4
7440,6
7441,6
7442,9
7443,7
7444,7
7445,6
7446,2
7447,4
7448,7
7449,9
7450,9
7451,9
7452,7
7453,6
7454,10
7455,8
7456,7
7457,6
7458,2
7459,9
7460,6
7461,10
7462,7
7463,8
7464,9
7465,10
7466,6
7467,9
7468,10
7469,10
7470,7
7471,9
7472,5
7473,7
7474,7
7475,9
7476,6
7477,8
7478,10
7479,8
7480,9
7481,7
7482,8
7483,8
7484,7
7485,7
7486,9
7487,8
7488,7
7489,7
7490,8
7491,6
7492,9
7493,7
7494,6
7495,7
7496,7
7497,9
7498,8
7499,6
7500,8
7501,8
7502,7
7503,9
7504,2
7505,8
7506,10
7507,7
7508,8
7509,7
7510,7
7511,9
7512,5
7513,7
7514,6
7515,7
7516,8
7517,9
7518,9
7519,4
7520,10
7521,7
7522,5
7523,8
7524,7
7525,7
7526,8
7527,8
7528,7
7529,6
7530,7
7531,7
7532,7
7533,10
7534,6
7535,7
7536,9
7537,8
7538,9
7539,10
7540,7
7541,7
7542,6
7543,8
7544,4
7545,9
7546,9
7547,7
7548,9
7549,9
7550,9
7551,9
7552,9
7553,6
7554,9
7555,7
7556,7
7557,8
7558,8
7559,7
7560,4
7561,6
7562,8
7563,8
7564,10
7565,4
7566,1
7567,7
7568,9
7569,7
7570,7
7571,10
7572,8
7573,5
7574,8
7575,7
7576,10
7577,6
7578,6
7579,7
7580,8
7581,8
7582,10
7583,7
7584,7
7585,4
7586,6
7587,5
7588,8
7589,8
7590,9
7591,10
7592,10
7593,10
7594,7
7595,7
7596,8
7597,6
7598,9
7599,10
7600,10
7601,9
7602,5
7603,7
7604,9
7605,4
7606,8
7607,9
7608,9
7609,6
7610,7
7611,7
7612,7
7613,10
7614,9
7615,8
7616,7
7617,7
7618,7
7619,7
7620,9
7621,7
7622,9
7623,7
7624,5
7625,10
7626,2
7627,7
7628,7
7629,7
7630,7
7631,9
7632,8
7633,7
7634,7
7635,5
7636,3
7637,8
7638,10
7639,6
7640,9
7641,9
7642,9
7643,10
7644,10
7645,10
7646,10
7647,7
7648,4
7649,10
7650,6
7651,10
7652,8
7653,8
7654,7
7655,8
7656,8
7657,8
7658,6
7659,9
7660,8
7661,6
7662,8
7663,9
7664,7
7665,8
7666,6
7667,5
7668,5
7669,8
7670,8
7671,1
7672,7
7673,7
7674,4
7675,5
7676,9
7677,9
7678,7
7679,9
7680,9
7681,9
7682,9
7683,4
7684,8
7685,7
7686,7
7687,8
7688,8
7689,8
7690,7
7691,6
7692,10
7693,10
7694,10
7695,8
7696,8
7697,6
7698,8
7699,9
7700,9
7701,6
7702,5
7703,4
7704,6
7705,8
7706,7
7707,6
7708,9
7709,7
7710,10
7711,6
7712,9
7713,8
7714,5
7715,7
7716,5
7717,2
7718,8
7719,7
7720,7
7721,8
7722,10
7723,7
7724,8
7725,9
7726,6
7727,4
7728,8
7729,2
7730,8
7731,7
7732,8
7733,10
7734,7
7735,5
7736,9
7737,8
7738,10
7739,8
7740,9
7741,8
7742,7
7743,7
7744,10
7745,7
7746,10
7747,9
7748,10
7749,7
7750,8
7751,5
7752,5
7753,6
7754,9
7755,8
7756,9
7757,9
7758,7
7759,10
7760,4
7761,8
7762,5
7763,9
7764,10
7765,8
7766,10
7767,6
7768,9
7769,5
7770,8
7771,8
7772,9
7773,8
7774,7
7775,9
7776,8
7777,8
7778,7
7779,10
7780,3
7781,7
7782,6
7783,10
7784,9
7785,9
7786,9
7787,8
7788,7
7789,9
7790,9
7791,6
7792,7
7793,7
7794,8
7795,8
7796,8
7797,10
7798,6
7799,7
7800,10
7801,7
7802,10
7803,6
7804,5
7805,6
7806,7
7807,7
7808,8
7809,9
7810,8
7811,10
7812,4
7813,10
7814,9
7815,4
7816,8
7817,8
7818,9
7819,9
7820,8
7821,8
7822,10
7823,10
7824,9
7825,6
7826,8
7827,9
7828,8
7829,8
7830,6
7831,9
7832,8
7833,9
7834,6
7835,8
7836,7
7837,10
7838,7
7839,8
7840,5
7841,9
7842,8
7843,6
7844,9
7845,8
7846,10
7847,9
7848,7
7849,1
7850,9
7851,7
7852,10
7853,8
7854,10
7855,8
7856,2
7857,10
7858,10
7859,7
7860,7
7861,8
7862,10
7863,4
7864,5
7865,7
7866,8
7867,4
7868,9
7869,7
7870,9
7871,7
7872,7
7873,8
7874,5
7875,10
7876,9
7877,6
7878,8
7879,9
7880,8
7881,8
7882,9
7883,9
7884,6
7885,7
7886,8
7887,6
7888,7
7889,5
7890,9
7891,8
7892,9
7893,5
7894,7
7895,8
7896,5
7897,9
7898,8
7899,6
7900,8
7901,7
7902,5
7903,8
7904,10
7905,9
7906,7
7907,10
7908,9
7909,8
7910,8
7911,8
7912,6
7913,8
7914,6
7915,8
7916,9
7917,7
7918,6
7919,7
7920,4
7921,5
7922,8
7923,4
7924,6
7925,9
7926,4
7927,4
7928,9
7929,5
7930,8
7931,10
7932,4
7933,7
7934,10
7935,8
7936,7
7937,10
7938,10
7939,7
7940,8
7941,5
7942,6
7943,10
7944,9
7945,5
7946,7
7947,4
7948,10
7949,6
7950,10
7951,9
7952,10
7953,10
7954,8
7955,7
7956,10
7957,8
7958,7
7959,8
7960,10
7961,5
7962,6
7963,7
7964,7
7965,9
7966,8
7967,7
7968,7
7969,9
7970,7
7971,5
7972,9
7973,7
7974,6
7975,7
7976,9
7977,10
7978,6
7979,6
7980,6
7981,7
7982,2
7983,6
7984,7
7985,8
7986,5
7987,9
7988,9
7989,9
7990,8
7991,8
7992,10
7993,7
7994,6
7995,7
7996,4
7997,8
7998,7
7999,8
8000,7
8001,8
8002,9
8003,1
8004,8
8005,8
8006,10
8007,8
8008,7
8009,8
8010,10
8011,7
8012,6
8013,8
8014,8
8015,9
8016,6
8017,9
8018,9
8019,9
8020,8
8021,8
8022,5
8023,9
8024,7
8025,6
8026,5
8027,6
8028,8
8029,8
8030,7
8031,8
8032,6
8033,8
8034,6
8035,9
8036,8
8037,8
8038,3
8039,5
8040,9
8041,9
8042,7
8043,9
8044,5
8045,9
8046,9
8047,9
8048,9
8049,9
8050,4
8051,5
8052,8
8053,7
8054,7
8055,6
8056,7
8057,3
8058,8
8059,7
8060,9
8061,7
8062,7
8063,10
8064,9
8065,2
8066,9
8067,9
8068,8
8069,5
8070,9
8071,9
8072,2
8073,8
8074,9
8075,10
8076,9
8077,8
8078,9
8079,6
8080,8
8081,5
8082,10
8083,8
8084,1
8085,8
8086,8
8087,8
8088,8
8089,9
8090,7
8091,6
8092,6
8093,8
8094,9
8095,9
8096,9
8097,6
8098,10
8099,8
8100,8
8101,9
8102,7
8103,9
8104,6
8105,6
8106,7
8107,7
8108,9
8109,3
8110,7
8111,8
8112,9
8113,7
8114,9
8115,8
8116,8
8117,10
8118,7
8119,10
8120,8
8121,9
8122,8
8123,7
8124,9
8125,9
8126,6
8127,9
8128,6
8129,7
8130,8
8131,6
8132,3
8133,7
8134,10
8135,9
8136,7
8137,10
8138,6
8139,7
8140,6
8141,7
8142,9
8143,7
8144,8
8145,8
8146,10
8147,9
8148,7
8149,7
8150,8
8151,6
8152,9
8153,9
8154,3
8155,8
8156,8
8157,8
8158,10
8159,8
8160,9
8161,7
8162,6
8163,2
8164,7
8165,8
8166,6
8167,10
8168,8
8169,9
8170,9
8171,7
8172,7
8173,2
8174,7
8175,7
8176,7
8177,9
8178,6
8179,7
8180,8
8181,8
8182,7
8183,7
8184,9
8185,9
8186,8
8187,1
8188,10
8189,8
8190,5
8191,7
8192,9
8193,9
8194,9
8195,9
8196,7
8197,6
8198,8
8199,10
8200,9
8201,6
8202,7
8203,8
8204,7
8205,7
8206,6
8207,6
8208,8
8209,6
8210,9
8211,7
8212,6
8213,9
8214,8
8215,6
8216,9
8217,7
8218,10
8219,9
8220,8
8221,8
8222,7
8223,7
8224,7
8225,8
8226,9
8227,8
8228,1
8229,6
8230,6
8231,6
8232,7
8233,9
8234,8
8235,8
8236,5
8237,6
8238,5
8239,9
8240,6
8241,7
8242,2
8243,7
8244,5
8245,10
8246,8
8247,7
8248,9
8249,8
8250,7
8251,6
8252,1
8253,5
8254,7
8255,8
8256,7
8257,6
8258,9
8259,9
8260,8
8261,5
8262,8
8263,8
8264,6
8265,8
8266,7
8267,10
8268,6
8269,10
8270,9
8271,7
8272,7
8273,10
8274,9
8275,4
8276,8
8277,7
8278,8
8279,7
8280,9
8281,10
8282,8
8283,9
8284,7
8285,10
8286,9
8287,10
8288,6
8289,7
8290,7
8291,1
8292,8
8293,6
8294,7
8295,5
8296,6
8297,6
8298,6
8299,8
8300,8
8301,10
8302,8
8303,2
8304,10
8305,8
8306,8
8307,9
8308,9
8309,6
8310,7
8311,5
8312,9
8313,9
8314,9
8315,8
8316,5
8317,8
8318,7
8319,8
8320,8
8321,8
8322,9
8323,5
8324,6
8325,8
8326,9
8327,8
8328,8
8329,8
8330,8
8331,7
8332,7
8333,8
8334,7
8335,6
8336,6
8337,9
8338,7
8339,6
8340,9
8341,9
8342,8
8343,9
8344,9
8345,8
8346,8
8347,7
8348,10
8349,8
8350,8
8351,1
8352,10
8353,9
8354,4
8355,9
8356,7
8357,9
8358,4
8359,8
8360,8
8361,9
8362,6
8363,8
8364,9
8365,8
8366,9
8367,7
8368,8
8369,9
8370,9
8371,10
8372,10
